{"cameraMode":{"drawMode":0,"name":"Shaded","section":"Shading Mode"},"sceneLighting":false,"audioPlay":false,"sceneViewState":{"showFog":true,"showMaterialUpdate":false,"showSkybox":false,"showFlares":true,"showImageEffects":true,"showParticleSystems":true},"in2DMode":false,"pivot":{"x":9.8100004196167,"y":0.37199997901916506,"z":0.21000003814697267},"rotation":{"x":-0.25673747062683108,"y":0.3594629764556885,"z":-0.10356185585260391,"w":-0.8911562561988831},"size":8.92374038696289,"orthographic":true}