{"cameraMode":{"drawMode":0,"name":"Shaded","section":"Shading Mode"},"sceneLighting":false,"audioPlay":false,"sceneViewState":{"showFog":true,"showMaterialUpdate":false,"showSkybox":false,"showFlares":true,"showImageEffects":true,"showParticleSystems":true},"in2DMode":false,"pivot":{"x":-44.15983581542969,"y":13.134860038757325,"z":4.856481552124023},"rotation":{"x":-0.14106085896492005,"y":0.8588030338287354,"z":-0.3425635099411011,"w":-0.3539581596851349},"size":9.231741905212403,"orthographic":true}