{"cameraMode":{"drawMode":0,"name":"Shaded","section":"Shading Mode"},"sceneLighting":false,"audioPlay":false,"sceneViewState":{"showFog":true,"showMaterialUpdate":false,"showSkybox":false,"showFlares":true,"showImageEffects":true,"showParticleSystems":true},"in2DMode":false,"pivot":{"x":-0.006500013172626495,"y":1.3040000200271607,"z":2.549999952316284},"rotation":{"x":0.26998183131217959,"y":-0.6155746579170227,"z":0.23708033561706544,"w":0.7014795541763306},"size":2.373460531234741,"orthographic":true}