{"cameraMode":{"drawMode":0,"name":"Shaded","section":"Shading Mode"},"sceneLighting":true,"audioPlay":false,"sceneViewState":{"showFog":true,"showMaterialUpdate":false,"showSkybox":true,"showFlares":true,"showImageEffects":true,"showParticleSystems":true},"in2DMode":false,"pivot":{"x":677.603271484375,"y":48.605194091796878,"z":230.96878051757813},"rotation":{"x":0.13036103546619416,"y":0.13665951788425446,"z":-0.01815815456211567,"w":0.9818601608276367},"size":520.9825439453125,"orthographic":false}